"","Mean","Median","Mode","ESS","HDImass","HDIlow","HDIhigh","CompVal","PcntGtCompVal","ROPElow","ROPEhigh","PcntLtROPE","PcntInROPE","PcntGtROPE"
"CHAIN",2,2,3.00357797759864,1.5,0.95,1,3,NA,NA,NA,NA,NA,NA,NA
"beta[1]",0.0794928377458034,0.07931625,0.0798144062215348,1374.4,0.95,0.0369663,0.119239,NA,NA,NA,NA,NA,NA,NA
"beta[2]",0.900220428057554,0.89376,0.866282363625564,57.9,0.95,0.760946,1.07051,NA,NA,NA,NA,NA,NA,NA
"beta[3]",0.0115251918705036,0.01148115,0.0115891019440839,986.5,0.95,0.00667133,0.0168471,NA,NA,NA,NA,NA,NA,NA
"beta[4]",5.27542315347722,5.24848,5.10589873096745,88.6,0.95,4.11844,6.37335,NA,NA,NA,NA,NA,NA,NA
"zbeta[1]",0.0295520289192646,0.0294864,0.0296716594720487,1374.4,0.95,0.0137425,0.0443281,NA,NA,NA,NA,NA,NA,NA
"zbeta[2]",0.267692460831335,0.2657715,0.257600621268533,57.9,0.95,0.226277,0.318329,NA,NA,NA,NA,NA,NA,NA
"zbeta[3]",0.0355659594844125,0.03543005,0.0357631380398199,986.5,0.95,0.0205873,0.0519891,NA,NA,NA,NA,NA,NA,NA
"zbeta[4]",0.116085745243805,0.1154925,0.112355519089632,88.6,0.95,0.0906263,0.140246,NA,NA,NA,NA,NA,NA,NA
"tau",301.349116306954,296.826,286.656201433217,51.6,0.95,225.363,386.211,NA,NA,NA,NA,NA,NA,NA
"zVar",0.756508503996803,0.7451545,0.719623557593786,51.6,0.95,0.565754,0.969547,NA,NA,NA,NA,NA,NA,NA
"pred[1]",17.1159897681855,16.9797,16.7378784920901,59.8,0.95,14.619,20.3328,NA,NA,NA,NA,NA,NA,NA
"pred[2]",19.3338738209432,19.19095,18.9194848343211,60.1,0.95,16.0922,22.7582,NA,NA,NA,NA,NA,NA,NA
"pred[3]",20.740376578737,20.58385,20.2152573691999,60.3,0.95,17.5195,24.4177,NA,NA,NA,NA,NA,NA,NA
"pred[4]",17.8605207034372,17.73195,17.1735507874519,56.6,0.95,15.0921,21.1735,NA,NA,NA,NA,NA,NA,NA
"pred[5]",21.3201486410871,21.1642,20.5633252847351,59.7,0.95,18.1057,25.2731,NA,NA,NA,NA,NA,NA,NA
"pred[6]",15.9560209432454,15.85605,15.7355932463007,58.5,0.95,13.6687,19.0127,NA,NA,NA,NA,NA,NA,NA
"pred[7]",13.3445386890488,13.24135,12.8660450729487,60.7,0.95,11.2587,15.7465,NA,NA,NA,NA,NA,NA,NA
"pred[8]",17.1169847322142,16.98125,16.7427475791332,60.2,0.95,14.5755,20.2961,NA,NA,NA,NA,NA,NA,NA
"pred[9]",14.2503298161471,14.1417,13.7671011943509,61.1,0.95,12.0107,16.8438,NA,NA,NA,NA,NA,NA,NA
"pred[10]",20.744134332534,20.61765,20.4412472106203,63.9,0.95,17.1752,24.4245,NA,NA,NA,NA,NA,NA,NA
