"","Mean","Median","Mode","ESS","HDImass","HDIlow","HDIhigh","CompVal","PcntGtCompVal","ROPElow","ROPEhigh","PcntLtROPE","PcntInROPE","PcntGtROPE"
"CHAIN",2,2,1.99735223073009,1.5,0.95,1,3,NA,NA,NA,NA,NA,NA,NA
"beta[1]",0.10123681156573,0.100718,0.100390096902787,6823.6,0.95,0.0410969,0.162312,NA,NA,NA,NA,NA,NA,NA
"beta[2]",1.1374470786233,1.13209,1.11108591553297,828.9,0.95,0.957236,1.34069,NA,NA,NA,NA,NA,NA,NA
"beta[3]",0.00746524174531207,0.00745656,0.0067472513856625,9163.1,0.95,0.000324594,0.0147363,NA,NA,NA,NA,NA,NA,NA
"beta[4]",8.45782441427218,8.42174,8.297628443593,1040.5,0.95,6.90564,10.1383,NA,NA,NA,NA,NA,NA,NA
"beta[5]",6.36353874960531,6.33894,6.30252376549073,1600,0.95,4.93698,7.85826,NA,NA,NA,NA,NA,NA,NA
"zbeta[1]",0.0376355056639301,0.0374425,0.037320693494728,6823.6,0.95,0.0152781,0.0603407,NA,NA,NA,NA,NA,NA,NA
"zbeta[2]",0.338234954110094,0.336643,0.330396069681347,828.9,0.95,0.284647,0.398673,NA,NA,NA,NA,NA,NA,NA
"zbeta[3]",0.023037228956994,0.0230104,0.0208214968086539,9163.1,0.95,0.00100167,0.0454751,NA,NA,NA,NA,NA,NA,NA
"zbeta[4]",0.191362153983791,0.190546,0.18773788235643,1040.5,0.95,0.156243,0.229384,NA,NA,NA,NA,NA,NA,NA
"zbeta[5]",0.140029740448374,0.139488,0.138687058561159,1600,0.95,0.108638,0.172921,NA,NA,NA,NA,NA,NA,NA
"tau",603.251629407431,598.983,567.1041670942,804.2,0.95,450.809,757.113,NA,NA,NA,NA,NA,NA,NA
"zVar",1.51440627428692,1.50369,1.42366100995745,804.2,0.95,1.13171,1.90066,NA,NA,NA,NA,NA,NA,NA
"pred[1]",28.8744498473845,28.7629,28.0527407936358,854,0.95,24.1553,33.6349,NA,NA,NA,NA,NA,NA,NA
"pred[2]",23.0215152720766,22.9403,22.7175079271996,962.4,0.95,19.1822,27.0375,NA,NA,NA,NA,NA,NA,NA
"pred[3]",33.6128471108304,33.49,33.0445034893738,844.4,0.95,28.1999,39.1233,NA,NA,NA,NA,NA,NA,NA
"pred[4]",30.9117266708767,30.7982,30.6930689681762,799.5,0.95,25.763,35.9744,NA,NA,NA,NA,NA,NA,NA
"pred[5]",35.286129723187,35.1578,35.0867891153881,809.2,0.95,29.7661,41.3529,NA,NA,NA,NA,NA,NA,NA
"pred[6]",27.4053056836123,27.3044,26.5012969257588,867,0.95,22.9309,31.9619,NA,NA,NA,NA,NA,NA,NA
"pred[7]",25.2461100726239,25.151,25.031034357317,814.5,0.95,21.2033,29.5212,NA,NA,NA,NA,NA,NA,NA
"pred[8]",28.8694073676455,28.7576,28.1561306229125,856.1,0.95,24.0543,33.5381,NA,NA,NA,NA,NA,NA,NA
"pred[9]",26.4681858962214,26.371,26.2573713908954,811.9,0.95,22.2688,31.0357,NA,NA,NA,NA,NA,NA,NA
"pred[10]",25.335025618356,25.249,25.105199126903,1035.7,0.95,20.983,29.8269,NA,NA,NA,NA,NA,NA,NA
