"","Mean","Median","Mode","ESS","HDImass","HDIlow","HDIhigh","CompVal","PcntGtCompVal","ROPElow","ROPEhigh","PcntLtROPE","PcntInROPE","PcntGtROPE"
"CHAIN",2,2,3.00357797759864,1.5,0.95,1,3,NA,NA,NA,NA,NA,NA,NA
"beta[1]",0.112259020999201,0.111859,0.115894982280709,1149.4,0.95,0.0497743,0.185522,NA,NA,NA,NA,NA,NA,NA
"beta[2]",1.27705698920863,1.273765,1.25412918784645,59.2,0.95,1.04123,1.4715,NA,NA,NA,NA,NA,NA,NA
"beta[3]",0.0071832250461271,0.007174245,0.00719540077514779,1696.9,0.95,-0.0000965303,0.0153338,NA,NA,NA,NA,NA,NA,NA
"beta[4]",9.7458432893685,9.72455,9.41106704511376,73.5,0.95,7.84474,11.5444,NA,NA,NA,NA,NA,NA,NA
"beta[5]",7.458719372502,7.445595,7.57746832915849,108.2,0.95,5.80285,9.04991,NA,NA,NA,NA,NA,NA,NA
"zbeta[1]",0.0417330854876099,0.0415844,0.0430848576746604,1149.4,0.95,0.018504,0.068969,NA,NA,NA,NA,NA,NA,NA
"zbeta[2]",0.379749770983213,0.3787695,0.372931609530198,59.2,0.95,0.309623,0.43757,NA,NA,NA,NA,NA,NA,NA
"zbeta[3]",0.0221669460343845,0.0221392,0.0222044779946933,1696.9,0.95,-0.000297886,0.0473191,NA,NA,NA,NA,NA,NA,NA
"zbeta[4]",0.220504139488409,0.220022,0.212930172324129,73.5,0.95,0.177491,0.261197,NA,NA,NA,NA,NA,NA,NA
"zbeta[5]",0.164129201838529,0.1638405,0.166742348514875,108.2,0.95,0.127692,0.199143,NA,NA,NA,NA,NA,NA,NA
"tau",728.141503597122,722.6115,696.054038115442,52,0.95,533.806,893.016,NA,NA,NA,NA,NA,NA,NA
"zVar",1.82793049160671,1.81405,1.74737782573533,52,0.95,1.34007,2.24183,NA,NA,NA,NA,NA,NA,NA
"pred[1]",32.4567499200639,32.33735,31.7402273562662,55.4,0.95,26.9835,37.3775,NA,NA,NA,NA,NA,NA,NA
"pred[2]",25.9571566746603,25.8366,25.4909037308961,61.3,0.95,21.413,29.9753,NA,NA,NA,NA,NA,NA,NA
"pred[3]",37.7844966426859,37.67105,36.8944053047027,58.5,0.95,31.5906,43.7853,NA,NA,NA,NA,NA,NA,NA
"pred[4]",34.9359918465228,34.8984,33.9039955418655,54.2,0.95,28.5833,40.0916,NA,NA,NA,NA,NA,NA,NA
"pred[5]",39.8281440047962,39.73745,38.8618153999555,56.8,0.95,32.9941,46.1534,NA,NA,NA,NA,NA,NA,NA
"pred[6]",30.8134589128697,30.6928,30.079379103881,56.6,0.95,25.7374,35.6764,NA,NA,NA,NA,NA,NA,NA
"pred[7]",28.5722700639488,28.514,27.8639173779694,54.8,0.95,23.8368,33.3054,NA,NA,NA,NA,NA,NA,NA
"pred[8]",32.4484869304556,32.32965,31.7359912614472,55.6,0.95,27.1099,37.5162,NA,NA,NA,NA,NA,NA,NA
"pred[9]",29.9583661071143,29.9045,29.1969534833622,54.3,0.95,25.0815,35.0843,NA,NA,NA,NA,NA,NA,NA
"pred[10]",28.618240567546,28.56045,28.2076030547729,60,0.95,23.6089,33.5906,NA,NA,NA,NA,NA,NA,NA
