"","Mean","Median","Mode","ESS","HDImass","HDIlow","HDIhigh","CompVal","PcntGtCompVal","ROPElow","ROPEhigh","PcntLtROPE","PcntInROPE","PcntGtROPE"
"CHAIN",2,2,3.00357797759864,1.5,0.95,1,3,NA,NA,NA,NA,NA,NA,NA
"beta[1]",0.0603203988581135,0.0603258,0.061315695406345,2348.6,0.95,-0.0353599,0.163429,NA,NA,NA,NA,NA,NA,NA
"beta[2]",2.13888426458833,2.137025,2.157653895943,128.1,0.95,1.89938,2.38961,NA,NA,NA,NA,NA,NA,NA
"beta[3]",0.00682178582726219,0.006897845,0.00776925802263949,1712.6,0.95,-0.00375348,0.0183473,NA,NA,NA,NA,NA,NA,NA
"beta[4]",4.15425245403677,4.156895,4.17933356301436,301.8,0.95,3.83513,4.4328,NA,NA,NA,NA,NA,NA,NA
"beta[5]",13.6098610711431,13.61635,13.840696360555,281.4,0.95,11.5706,16.0628,NA,NA,NA,NA,NA,NA,NA
"zbeta[1]",0.0224245374132294,0.02242655,0.0227945647312645,2348.6,0.95,-0.0131453,0.0607561,NA,NA,NA,NA,NA,NA,NA
"zbeta[2]",0.636025568345324,0.635473,0.64160638662655,128.1,0.95,0.564806,0.710583,NA,NA,NA,NA,NA,NA,NA
"zbeta[3]",0.0210515682667866,0.02128625,0.0239753610868118,1712.6,0.95,-0.011583,0.0566187,NA,NA,NA,NA,NA,NA,NA
"zbeta[4]",0.417783934852118,0.4180495,0.4203064879365,301.8,0.95,0.385691,0.445797,NA,NA,NA,NA,NA,NA,NA
"zbeta[5]",0.299485151079137,0.2996275,0.304564254696961,281.4,0.95,0.254611,0.353461,NA,NA,NA,NA,NA,NA,NA
"tau",1629.49317346123,1625.13,1607.51057504447,140.9,0.95,1381.61,1864.11,NA,NA,NA,NA,NA,NA,NA
"zVar",4.09068865307754,4.079745,4.03549816243749,140.9,0.95,3.46841,4.67966,NA,NA,NA,NA,NA,NA,NA
"pred[1]",57.3050270183853,57.32435,56.791214106801,145.6,0.95,52.1035,62.373,NA,NA,NA,NA,NA,NA,NA
"pred[2]",67.2439927258193,67.25445,67.0334553418599,164.6,0.95,61.4131,73.6288,NA,NA,NA,NA,NA,NA,NA
"pred[3]",56.4456689048761,56.4159,56.0201448923036,144.2,0.95,51.1529,62.4526,NA,NA,NA,NA,NA,NA,NA
"pred[4]",54.5181657474021,54.53615,54.8868122683645,119.9,0.95,49.2087,59.9026,NA,NA,NA,NA,NA,NA,NA
"pred[5]",61.0720762190248,61.0523,61.2773134708805,131.2,0.95,54.7722,67.1809,NA,NA,NA,NA,NA,NA,NA
"pred[6]",38.4976115107914,38.4628,38.3481006077135,157,0.95,34.3976,42.6042,NA,NA,NA,NA,NA,NA,NA
"pred[7]",51.4026864908074,51.4349,51.6274716273924,131.5,0.95,46.5612,55.6007,NA,NA,NA,NA,NA,NA,NA
"pred[8]",53.0040303357314,52.9891,52.5400637643205,145.8,0.95,47.9939,57.7661,NA,NA,NA,NA,NA,NA,NA
"pred[9]",41.395357873701,41.3825,41.6230378505782,126.1,0.95,36.9188,45.2218,NA,NA,NA,NA,NA,NA,NA
"pred[10]",69.9103320943245,69.8961,69.6717138625143,157.8,0.95,63.5532,77.2025,NA,NA,NA,NA,NA,NA,NA
