"","Mean","Median","Mode","ESS","HDImass","HDIlow","HDIhigh","CompVal","PcntGtCompVal","ROPElow","ROPEhigh","PcntLtROPE","PcntInROPE","PcntGtROPE"
"CHAIN",2,2,1.99735223073009,1.5,0.95,1,3,NA,NA,NA,NA,NA,NA,NA
"beta[1]",0.110418807058731,0.110049,0.109551498026163,7081.5,0.95,0.0454887,0.178594,NA,NA,NA,NA,NA,NA,NA
"beta[2]",1.25988723702768,1.25645,1.25058668330186,712.5,0.95,1.0499,1.47581,NA,NA,NA,NA,NA,NA,NA
"beta[3]",0.00714560136341543,0.00709924,0.00704577961001149,9501,0.95,-0.000476553,0.0147328,NA,NA,NA,NA,NA,NA,NA
"beta[4]",9.59656460793601,9.56695,9.5850444638282,925.8,0.95,7.80267,11.6238,NA,NA,NA,NA,NA,NA,NA
"beta[5]",7.34632862856541,7.30661,7.13450420488521,1230.9,0.95,5.66193,8.94124,NA,NA,NA,NA,NA,NA,NA
"zbeta[1]",0.041048977658657,0.0409115,0.0407265368906958,7081.5,0.95,0.0169107,0.0663937,NA,NA,NA,NA,NA,NA,NA
"zbeta[2]",0.374644163666982,0.373622,0.371879134509234,712.5,0.95,0.312202,0.438851,NA,NA,NA,NA,NA,NA,NA
"zbeta[3]",0.0220508404550931,0.0219078,0.0217428031580791,9501,0.95,-0.00147061,0.0454644,NA,NA,NA,NA,NA,NA,NA
"zbeta[4]",0.217126680665193,0.216457,0.216865987057051,925.8,0.95,0.176539,0.262995,NA,NA,NA,NA,NA,NA,NA
"zbeta[5]",0.16165605091043,0.160782,0.156994992146585,1230.9,0.95,0.124591,0.196752,NA,NA,NA,NA,NA,NA,NA
"tau",712.691508051784,708.055,707.676304361524,682.2,0.95,539.281,905.057,NA,NA,NA,NA,NA,NA,NA
"zVar",1.78914471003052,1.7775,1.77655480807393,682.2,0.95,1.35381,2.27206,NA,NA,NA,NA,NA,NA,NA
"pred[1]",32.0106240079992,31.9161,31.8580194607974,711,0.95,26.9224,37.5384,NA,NA,NA,NA,NA,NA,NA
"pred[2]",25.6015428060204,25.5213,25.3494480922542,783.7,0.95,21.2134,29.9521,NA,NA,NA,NA,NA,NA,NA
"pred[3]",37.2613999263235,37.1603,37.0623540763592,693.4,0.95,31.0206,43.2906,NA,NA,NA,NA,NA,NA,NA
"pred[4]",34.4488521945058,34.3594,34.2750664769762,683,0.95,28.8613,40.3963,NA,NA,NA,NA,NA,NA,NA
"pred[5]",39.2710543732239,39.176,39.0967022769092,697.1,0.95,32.7483,45.9014,NA,NA,NA,NA,NA,NA,NA
"pred[6]",30.3908827176087,30.2893,30.0339289594312,695.9,0.95,25.4694,35.6366,NA,NA,NA,NA,NA,NA,NA
"pred[7]",28.1683416377223,28.0945,28.0324594840754,700.7,0.95,23.3467,32.8192,NA,NA,NA,NA,NA,NA,NA
"pred[8]",32.0022003368067,31.9167,31.9077196458533,692,0.95,26.8086,37.4248,NA,NA,NA,NA,NA,NA,NA
"pred[9]",29.5353534785812,29.4598,29.3817476478929,698.8,0.95,24.4586,34.4143,NA,NA,NA,NA,NA,NA,NA
"pred[10]",28.2169203873277,28.135,28.2982456068873,842.8,0.95,23.4999,33.439,NA,NA,NA,NA,NA,NA,NA
