"","Mean","Median","Mode","ESS","HDImass","HDIlow","HDIhigh","CompVal","PcntGtCompVal","ROPElow","ROPEhigh","PcntLtROPE","PcntInROPE","PcntGtROPE"
"CHAIN",2,2,1.99735223073009,1.5,0.95,1,3,NA,NA,NA,NA,NA,NA,NA
"beta[1]",0.105197337325545,0.104202,0.0997818299452376,6703,0.95,0.0431471,0.170359,NA,NA,NA,NA,NA,NA,NA
"beta[2]",1.1913122760762,1.18782,1.1573673707251,796.1,0.95,0.99421,1.38875,NA,NA,NA,NA,NA,NA,NA
"beta[3]",0.00725944053862751,0.00722956,0.00702055347759172,9501,0.95,-0.000316293,0.0144572,NA,NA,NA,NA,NA,NA,NA
"beta[4]",8.83675263340701,8.7973,8.59609544315352,1004.1,0.95,7.08402,10.4901,NA,NA,NA,NA,NA,NA,NA
"beta[5]",6.93979838438059,6.90843,6.94223570571311,1250.7,0.95,5.43331,8.53375,NA,NA,NA,NA,NA,NA,NA
"zbeta[1]",0.0391078574726871,0.038738,0.0370945203157521,6703,0.95,0.0160403,0.0633321,NA,NA,NA,NA,NA,NA,NA
"zbeta[2]",0.35425248910641,0.353213,0.344158115040023,796.1,0.95,0.295641,0.412963,NA,NA,NA,NA,NA,NA,NA
"zbeta[3]",0.0224021405437428,0.0223099,0.0216649752092931,9501,0.95,-0.00097606,0.0446139,NA,NA,NA,NA,NA,NA,NA
"zbeta[4]",0.199935577518156,0.199043,0.194490567553446,1004.1,0.95,0.160279,0.237343,NA,NA,NA,NA,NA,NA,NA
"zbeta[5]",0.152710344553205,0.15202,0.152764168649853,1250.7,0.95,0.11956,0.187785,NA,NA,NA,NA,NA,NA,NA
"tau",648.687407220293,643.891,644.845413465423,748.9,0.95,487.52,811.964,NA,NA,NA,NA,NA,NA,NA
"zVar",1.62846851205136,1.61643,1.6188199614711,748.9,0.95,1.22387,2.03836,NA,NA,NA,NA,NA,NA,NA
"pred[1]",30.1205855067888,30.0317,30.0725934986418,785.5,0.95,25.4415,35.0926,NA,NA,NA,NA,NA,NA,NA
"pred[2]",24.2893159141143,24.2185,23.6295680603781,846,0.95,20.3,28.4914,NA,NA,NA,NA,NA,NA,NA
"pred[3]",35.0847840753605,34.9746,34.8662213685354,790,0.95,29.8094,41.1019,NA,NA,NA,NA,NA,NA,NA
"pred[4]",32.3447033785917,32.2494,32.2410477169481,767.6,0.95,27.187,37.7026,NA,NA,NA,NA,NA,NA,NA
"pred[5]",36.9150324597411,36.783,36.4579642173376,778.5,0.95,31.0817,43.0526,NA,NA,NA,NA,NA,NA,NA
"pred[6]",28.5855360383118,28.5097,28.6162253702337,790.3,0.95,24.0752,33.2588,NA,NA,NA,NA,NA,NA,NA
"pred[7]",26.4084120408378,26.3103,26.1588901802888,780.9,0.95,22.2648,30.8979,NA,NA,NA,NA,NA,NA,NA
"pred[8]",30.1139117356068,30.0243,29.9893060275944,787.1,0.95,25.3821,35.0264,NA,NA,NA,NA,NA,NA,NA
"pred[9]",27.6950149773708,27.5981,27.41036974175,780.2,0.95,23.3529,32.4076,NA,NA,NA,NA,NA,NA,NA
"pred[10]",26.7390432375539,26.6587,26.6528139924611,938.4,0.95,22.2675,31.5573,NA,NA,NA,NA,NA,NA,NA
