"","Mean","Median","Mode","ESS","HDImass","HDIlow","HDIhigh","CompVal","PcntGtCompVal","ROPElow","ROPEhigh","PcntLtROPE","PcntInROPE","PcntGtROPE"
"CHAIN",2,2,1.99735223073009,1.5,0.95,1,3,NA,NA,NA,NA,NA,NA,NA
"beta[1]",0.105375389150616,0.104464,0.10062123309267,5995.7,0.95,0.0417134,0.167274,NA,NA,NA,NA,NA,NA,NA
"beta[2]",1.19137278170719,1.19036,1.20918698582869,704.1,0.95,0.988238,1.39135,NA,NA,NA,NA,NA,NA,NA
"beta[3]",0.00729251651356594,0.00726588,0.0073722391858051,9501,0.95,0.000274352,0.0148821,NA,NA,NA,NA,NA,NA,NA
"beta[4]",8.83779227976003,8.81304,8.51219831438809,969.9,0.95,7.10514,10.6032,NA,NA,NA,NA,NA,NA,NA
"beta[5]",6.93066456373013,6.90236,6.81215417257206,1126.2,0.95,5.37037,8.60065,NA,NA,NA,NA,NA,NA,NA
"zbeta[1]",0.0391740508752237,0.0388352,0.0374066891399823,5995.7,0.95,0.0158106,0.0624886,NA,NA,NA,NA,NA,NA,NA
"zbeta[2]",0.354270489737922,0.35397,0.35956795716099,704.1,0.95,0.293866,0.413736,NA,NA,NA,NA,NA,NA,NA
"zbeta[3]",0.0225042113054005,0.022422,0.022750269062451,9501,0.95,0.000846631,0.0459252,NA,NA,NA,NA,NA,NA,NA
"zbeta[4]",0.19995909367435,0.199399,0.19259209630176,969.9,0.95,0.160757,0.239903,NA,NA,NA,NA,NA,NA,NA
"zbeta[5]",0.152509355520472,0.151887,0.149901443320487,1126.2,0.95,0.118175,0.189257,NA,NA,NA,NA,NA,NA,NA
"tau",649.019083149142,645.758,630.822440561969,732.4,0.95,481.725,812.338,NA,NA,NA,NA,NA,NA,NA
"zVar",1.62930115777287,1.62111,1.58362408160768,732.4,0.95,1.20932,2.0393,NA,NA,NA,NA,NA,NA,NA
"pred[1]",30.1291285443638,30.0928,30.50700663844,768.5,0.95,24.9159,34.8566,NA,NA,NA,NA,NA,NA,NA
"pred[2]",24.2881670982002,24.2267,23.8940460951905,830.2,0.95,20.0715,28.4403,NA,NA,NA,NA,NA,NA,NA
"pred[3]",35.0950343648037,35.0316,34.8489004574134,769.9,0.95,29.087,40.6376,NA,NA,NA,NA,NA,NA,NA
"pred[4]",32.3475297758131,32.323,32.8061799898522,749,0.95,26.9341,37.724,NA,NA,NA,NA,NA,NA,NA
"pred[5]",36.9203345542574,36.8737,37.1896454571466,757.3,0.95,30.7998,43.0738,NA,NA,NA,NA,NA,NA,NA
"pred[6]",28.5932418482265,28.5735,29.1176424837711,778.7,0.95,24.0353,33.5606,NA,NA,NA,NA,NA,NA,NA
"pred[7]",26.4118449426376,26.3836,26.7080650974892,761.4,0.95,21.8416,30.6848,NA,NA,NA,NA,NA,NA,NA
"pred[8]",30.1226594358489,30.0833,30.4371030983011,770.2,0.95,24.9371,34.8637,NA,NA,NA,NA,NA,NA,NA
"pred[9]",27.6980492053468,27.6756,27.97501808929,760.7,0.95,22.9796,32.2781,NA,NA,NA,NA,NA,NA,NA
"pred[10]",26.7385685296285,26.65,26.5463061828851,866.9,0.95,22.034,31.6433,NA,NA,NA,NA,NA,NA,NA
